iteration,prev_error,rel_improvement,no_improvement_counter,dtrans_norm,drot_abs,stop_reason,max_correspondence_distance,min_squared_error,n_points_true_data,n_points_new_data,scan_match_pose,true_pose,predicted_pose,timestamp
2,3.6894138709108253,0.9999999996310587,0,0.007987993634875918,[0.0009776],Transformation magnitude below threshold,0.8,15.0,800,107,"(0.02371096472232373, -0.010924295752590872, 0.0036903757941117383)","(0.0022550864701399724, -0.00019721914693259532, 0.004906762157475746)","(0.04982378412527767, 6.789283662120429e-05, 0.002725316665203259)",9.35
3,3.2630036000036595,0.34593993522177907,0,0.005179001346848078,[0.00133661],Transformation magnitude below threshold,0.8,15.0,800,107,"(0.13903285123727582, -0.055798797618552, 0.002935471443917703)","(0.12667210149225497, 0.0003413392721716458, 0.0049771086544672626)","(0.16455905761494105, -0.0112814334256451, -0.008761611056604224)",18.34
3,3.1710162877621135,0.17685781358021496,0,0.004863311229506865,[0.00041548],Transformation magnitude below threshold,0.8,15.0,800,108,"(0.2694112813384971, -0.08606825754576536, 0.0032783139210868103)","(0.255684511294045, 0.0009877881986359307, 0.005100496655736316)","(0.27744523990378517, -0.055900724914151406, -0.004408277139395178)",18.83
1,10000000000,,,0.0033098273792428676,[0.00117309],Transformation magnitude below threshold,0.8,15.0,800,109,"(0.4009879992656213, -0.08418436495058777, 0.003284531677991716)","(0.3885376715780841, 0.0016689247160269185, 0.005227129763864551)","(0.3977560750070336, -0.08572238325570967, 0.0021114403944144655)",19.33
2,3.233923117406147,0.9999999996766077,0,0.008160287984370573,[0.00023134],Transformation magnitude below threshold,0.8,15.0,800,110,"(0.5411176297076375, -0.07691106599672191, 0.0037753561321364243)","(0.5213905543911183, 0.002366977135850333, 0.005354131920957896)","(0.5298076527685596, -0.08381841124459848, 0.0023970970422477755)",19.83
3,5.453879250596021,0.4368406814659024,0,0.006157769488105413,[0.0028448],Transformation magnitude below threshold,0.8,15.0,800,112,"(0.669329355245437, -0.14835981096885129, 0.039485974348353645)","(0.6588999003487809, 0.003604899475257503, 0.06170949586795217)","(0.6842254554373859, -0.07586955091027522, 0.010780056098039115)",20.33
4,6.781123293858954,0.14674704437200298,0,0.00382426499760749,[0.0034159],Transformation magnitude below threshold,0.8,15.0,800,125,"(0.7997803981518625, -0.10633207410375521, 0.30258787949662375)","(0.7901010563436783, 0.027286656534664888, 0.32634736689799004)","(0.7992052747649676, -0.12763041207604967, 0.2770625224197061)",20.84
4,4.043148515302005,0.23765691945428083,0,0.00874718626841272,[0.00122601],Transformation magnitude below threshold,0.8,15.0,800,132,"(0.9225012826562388, 0.0479103021656653, 0.43035269843022766)","(0.9098386706464856, 0.07824844475569186, 0.4289600428834213)","(0.9172976495204949, -0.05981774576720453, 0.45118774178844845)",21.35
2,3.6628056383316876,0.9999999996337194,0,0.002377557855141637,[0.00067595],Transformation magnitude below threshold,0.8,15.0,800,132,"(1.0417430896027542, 0.1151518956764742, 0.4323668105400378)","(1.0340739848443588, 0.13515013096617587, 0.4291506605389531)","(1.0544593585630158, 0.1089020757998918, 0.435562688007904)",21.83
3,5.138172716584264,0.34356033466682134,0,0.0034605419163575173,[0.00308626],Transformation magnitude below threshold,0.8,15.0,800,133,"(1.1594215855124101, 0.20270780216896395, 0.4331783866546732)","(1.1548098492069732, 0.19048238275235016, 0.4293331333299544)","(1.1589378917244297, 0.1706796118941311, 0.45258218115657467)",22.33
2,3.8898576980391617,0.9999999996110142,0,0.003944695848614644,[0.00147751],Transformation magnitude below threshold,0.8,15.0,800,133,"(1.2872474729848513, 0.24455190971884355, 0.4308159083202142)","(1.2755356795803439, 0.24583675357546594, 0.4295184576794636)","(1.2760621393090945, 0.2566784440594245, 0.4335663770310978)",22.82
3,3.312498626503038,0.1769166964085102,0,0.007330838933234701,[0.00099789],Transformation magnitude below threshold,0.8,15.0,800,132,"(1.4097361374703394, 0.27723271752399686, 0.4266848084371817)","(1.3962516452529719, 0.3012133810734823, 0.4297044796098594)","(1.417017977367261, 0.3035450162341114, 0.42252227352922134)",23.34
3,4.409268377700033,0.25645701062013126,0,0.006325107563203595,[0.00217973],Transformation magnitude below threshold,0.8,15.0,800,129,"(1.5255369490027806, 0.30801893384873696, 0.5662880933007063)","(1.5126289662761563, 0.3600705734556104, 0.5866798814917448)","(1.5189999615265959, 0.33545000720673007, 0.5524209412237386)",23.83
2,4.160526666849012,0.9999999995839474,0,0.006403546005570977,[0.00205792],Transformation magnitude below threshold,0.8,15.0,800,121,"(1.6276928571631637, 0.41453969199150925, 0.8031037837314562)","(1.6152750346846143, 0.4468446109788061, 0.8001552813205416)","(1.6335406161852848, 0.3969063528721347, 0.8109340176870043)",24.34
1,10000000000,,,0.004449670435838329,[0.00154667],Transformation magnitude below threshold,0.8,15.0,800,121,"(1.7254294010635687, 0.5182451592004744, 0.7992600093887948)","(1.7107558184788412, 0.5453624627138168, 0.8002207678323187)","(1.7285222750471667, 0.5187645176733982, 0.8008066836409915)",24.81
3,4.036672540075801,0.23652684482686223,0,0.0062456857014157735,[0.00188493],Transformation magnitude below threshold,0.8,15.0,800,123,"(1.8163472452384621, 0.5824321556316859, 0.79117026348186)","(1.8005747552523865, 0.6380262003081734, 0.8002615080584635)","(1.8205467837421565, 0.6139510416250177, 0.7777043061981526)",25.33
1,10000000000,,,0.002183134145471478,[0.00051214],Transformation magnitude below threshold,0.8,15.0,800,123,"(1.904646609567605, 0.6742566668444885, 0.7945038788350233)","(1.8957269776622216, 0.7361971796990315, 0.8003148551679679)","(1.9039888681321817, 0.6713419402839941, 0.7939917369336333)",25.81
3,3.639480823741062,0.16465729138677795,0,0.0006070167198302952,[0.00098897],Transformation magnitude below threshold,0.8,15.0,800,116,"(1.978214330690923, 0.760899645187559, 0.9847897712311712)","(1.979255860309954, 0.8360200978402764, 1.0095326015907087)","(1.990209283678848, 0.7790310256256128, 0.9774812352565316)",26.33
2,3.982308980858987,0.9999999996017691,0,0.009743021089024629,[0.00038929],Transformation magnitude below threshold,0.8,15.0,800,113,"(2.0533199342707733, 0.9014135477799902, 1.1177717162849425)","(2.041444340604618, 0.9549553234068949, 1.1169944640115692)","(2.0457147107911293, 0.8792833944410406, 1.1203898702205777)",26.81
2,3.6029647380985534,0.9999999996397035,0,0.007653421582707589,[0.00097849],Transformation magnitude below threshold,0.8,15.0,800,113,"(2.1124001804421044, 1.0337330774598106, 1.1196405271381153)","(2.101343770228785, 1.0779213501951006, 1.1169000289205695)","(2.1096367927507402, 1.017907111254834, 1.1232078094939224)",27.31
1,10000000000,,,0.007831780270328341,[0.00182649],Transformation magnitude below threshold,0.8,15.0,800,114,"(2.175584458765854, 1.1603647407996007, 1.1175504979920534)","(2.1579335732084037, 1.194060219496819, 1.1183687772605317)","(2.1719701696709683, 1.1566480029865647, 1.1193769923238523)",27.82
3,3.084972639911644,0.19024395770878122,0,0.006454999648584456,[0.00116251],Transformation magnitude below threshold,0.8,15.0,800,114,"(2.20549663996836, 1.2540997721086684, 1.3170038583962553)","(2.204169613846015, 1.3252997215620343, 1.3282469481548809)","(2.2215853538559487, 1.2844808070588647, 1.314177704116382)",28.32
1,10000000000,,,0.006238976302056437,[0.00228186],Transformation magnitude below threshold,0.8,15.0,800,114,"(2.2415414784703485, 1.3864605138482864, 1.3204226724870043)","(2.23515290868273, 1.4506347008703866, 1.3280294308755203)","(2.238462079116312, 1.3814881805497035, 1.318140816354342)",28.81
1,10000000000,,,0.007595134043489051,[0.00126831],Transformation magnitude below threshold,0.8,15.0,800,115,"(2.281847499872837, 1.5298528419158557, 1.3260746148162292)","(2.2679986225835367, 1.5833997063446574, 1.3278131020046815)","(2.276555268885907, 1.5246331492652867, 1.324806304907364)",29.31
2,2.645228008648707,0.9999999997354773,0,0.005698610215491341,[0.00031388],Transformation magnitude below threshold,0.8,15.0,800,116,"(2.3144796685466633, 1.6730406608065034, 1.32702696407167)","(2.2999542930356007, 1.7124287344610596, 1.3275948364704218)","(2.3137029465070795, 1.658044038182383, 1.3283862014491632)",29.83
4,2.9101670832556326,0.25735307444718375,0,0.004250893155103393,[0.00193258],Transformation magnitude below threshold,0.8,15.0,800,116,"(2.345947580848977, 1.8170876075775577, 1.3275690432629708)","(2.3310172649884424, 1.8377235049603344, 1.327378575215109)","(2.343518773549984, 1.7942520903146784, 1.3442814348581065)",30.35
1,10000000000,,,0.004648998431156015,[0.00015184],Transformation magnitude below threshold,0.8,15.0,800,116,"(2.3825373473253624, 1.9544885030379204, 1.3243511168670088)","(2.363949218379431, 1.97046813413201, 1.3271677849993395)","(2.3812939870381915, 1.9585131995365894, 1.3241992756166994)",30.82
4,3.662068747292489,0.15612595648889016,0,0.005104912264048947,[0.00129388],Transformation magnitude below threshold,0.8,15.0,800,117,"(2.389128971135792, 2.037326834201823, 1.3146951199177856)","(2.395987411458449, 2.0994781115818957, 1.3269547674559055)","(2.4153861935512775, 2.078443432696682, 1.299138167601976)",31.34
1,10000000000,,,0.008504701088427512,[0.00218561],Transformation magnitude below threshold,0.8,15.0,800,117,"(2.4231795315976905, 2.1576653028547432, 1.3173010026630991)","(2.428053411940968, 2.2284803885285442, 1.3267379157975432)","(2.4201455941041936, 2.155879845985072, 1.3151153919823546)",31.82
2,3.3391404697146956,0.999999999666086,0,0.004843242552385006,[0.00058216],Transformation magnitude below threshold,0.8,15.0,800,123,"(2.4658421457049102, 2.299735378661665, 1.3186873044441438)","(2.4601476887150984, 2.3574751971642693, 1.326520336745107)","(2.4600438361354646, 2.299034360422275, 1.3141200009842837)",32.33
2,4.464087924362409,0.9999999995535912,0,0.004892878653665551,[0.00207471],Transformation magnitude below threshold,0.8,15.0,800,129,"(2.4966580603211463, 2.42835207901513, 1.3152396359677228)","(2.492269991710848, 2.486463662217245, 1.3263059594125077)","(2.4988042279833205, 2.4251976705583744, 1.3090676960094898)",32.82
4,4.372240199576832,0.13308800063709983,0,0.004890752178262016,[0.00224705],Transformation magnitude below threshold,0.8,15.0,800,131,"(2.5327347924417594, 2.557424784778753, 1.316866427243599)","(2.5234938536089184, 2.611719443976642, 1.3260935548839308)","(2.5294967133589426, 2.550090679179754, 1.299400525107142)",33.35
1,10000000000,,,0.007944761566200557,[0.00265529],Transformation magnitude below threshold,0.8,15.0,800,131,"(2.566707754545913, 2.6982520566909978, 1.3201500559360053)","(2.5565959856279084, 2.744421903825381, 1.3258822196948232)","(2.5691197140525683, 2.697800350071348, 1.3174947624756301)",33.82
5,2.9322655998848606,0.16179559593800547,0,0.0063330307657686845,[0.0014122],Transformation magnitude below threshold,0.8,15.0,800,132,"(2.6093580303062165, 2.864818026370347, 1.5304489875062544)","(2.579157534935815, 2.8767220499306876, 1.5402959756428556)","(2.5832963139753504, 2.8142653141383334, 1.5373910709069856)",34.35
5,3.7847927759129245,0.1523978310675621,0,0.00813217031275845,[0.00238251],Transformation magnitude below threshold,0.8,15.0,800,134,"(2.5876956499483215, 2.9705081288372064, 1.637340158335367)","(2.572925970183427, 3.01077219801468, 1.6430086572250122)","(2.608583308734052, 2.99422874092609, 1.6231165899646687)",34.84
3,5.216036765267785,0.25425478628895315,0,0.002730914169610971,[0.00227864],Transformation magnitude below threshold,0.8,15.0,800,134,"(2.58014896260469, 3.095930389295968, 1.4349309238444206)","(2.573355361228106, 3.143950007408092, 1.433107940525521)","(2.5937079574208393, 3.118504077050182, 1.4230475258593742)",35.33
3,2.6271633472286426,0.1427386487696805,0,0.005259424903491391,[0.00110541],Transformation magnitude below threshold,0.8,15.0,800,135,"(2.6088200120592475, 3.24643701486429, 1.4305351153067305)","(2.5918740354434457, 3.2772247743563367, 1.4319780904491968)","(2.598458876163063, 3.225103196695265, 1.4250429935755777)",35.83
1,10000000000,,,0.002617927491732279,[0.00100054],Transformation magnitude below threshold,0.8,15.0,800,135,"(2.6252087367798747, 3.376839691558458, 1.424412896532131)","(2.6097232400459838, 3.405048418830371, 1.4316975623018238)","(2.6270207245056687, 3.372112997351538, 1.4234123549064615)",36.33
3,3.902005802966439,0.23836011369934923,0,0.006486413321405676,[0.00169844],Transformation magnitude below threshold,0.8,15.0,800,136,"(2.642787534803032, 3.497397689938521, 1.4250989944297496)","(2.6286659022945584, 3.5404742741018986, 1.4314118632005868)","(2.6462555316422978, 3.515688860130983, 1.4163095823892453)",36.83
1,10000000000,,,0.007770640250721333,[0.00083821],Transformation magnitude below threshold,0.8,15.0,800,137,"(2.6637554268453405, 3.6314707241243083, 1.425974233564744)","(2.647117887037874, 3.672090649071857, 1.431126917407943)","(2.6613218895484168, 3.6237239133040138, 1.425136023560026)",37.32
3,5.407835944767926,0.2154624265228369,0,0.0027692747779433195,[0.00074806],Transformation magnitude below threshold,0.8,15.0,800,137,"(2.678966844072581, 3.7446802447617227, 1.4171559619409133)","(2.665607385073093, 3.8037023375368255, 1.4308464154099112)","(2.6831848258447573, 3.7553117672832905, 1.4043759144277788)",37.83
3,6.200117800188695,0.2396212510728105,0,0.00430792089640299,[0.00159186],Transformation magnitude below threshold,0.8,15.0,800,137,"(2.6888981454122765, 3.867776747310537, 1.4152827969325044)","(2.6836012444902324, 3.931506089928987, 1.430568953031094)","(2.702177381163957, 3.8853447889466746, 1.3973711725402334)",38.33
2,3.6652802020108752,0.9999999996334721,0,0.0097592019713083,[0.00120685],Transformation magnitude below threshold,0.8,15.0,800,137,"(2.714094287180276, 4.017413259358313, 1.4263179329167657)","(2.7026965300393453, 4.066911596987589, 1.430287714231626)","(2.708479133465055, 3.996659256126933, 1.4247579680776354)",38.82
2,5.015718661681118,0.9999999994984281,0,0.008035459667063807,[0.00239673],Transformation magnitude below threshold,0.8,15.0,800,138,"(2.7273488528497016, 4.15142983155444, 1.4185692755644215)","(2.721296369826367, 4.198507728872063, 1.4300036341161189)","(2.7342446019944187, 4.149052172442875, 1.411487514466252)",39.32
4,2.4434956252096227,0.0638790695106772,0,0.006177800008225853,[0.00113168],Transformation magnitude below threshold,0.8,15.0,800,139,"(2.760945199928937, 4.306833771096038, 1.4293967400262222)","(2.7399335768387014, 4.330098396972705, 1.4297196862841721)","(2.7495581486250527, 4.298160508575299, 1.4225819960962616)",39.84
1,10000000000,,,0.006061845431643722,[3.99811627e-05],Transformation magnitude below threshold,0.8,15.0,800,139,"(2.7778916822270556, 4.440424126536144, 1.4316200367465497)","(2.7586081628111083, 4.461684363529806, 1.4294402425737307)","(2.7789863530103567, 4.4346083439032, 1.4316600179092323)",40.97
2,3.060274833024179,0.9999999996939726,0,0.009304174005963735,[0.00128897],Transformation magnitude below threshold,0.8,15.0,800,140,"(2.8057173278011565, 4.646481549744095, 1.428708731521144)","(2.786525273715668, 4.65788354930258, 1.4290187078000351)","(2.8037295121929673, 4.622241140192555, 1.4276450644036238)",41.22
1,10000000000,,,0.004688026369392799,[0.00023064],Transformation magnitude below threshold,0.8,15.0,800,139,"(2.819711085953973, 4.719312872396222, 1.435869657388776)","(2.7938153968134483, 4.709053193277011, 1.4289169681837117)","(2.8165367644388284, 4.724161549496979, 1.436100297581727)",41.42
2,2.2320330034745663,0.9999999997767968,0,0.0035530724678322356,[0.00018432],Transformation magnitude below threshold,0.8,15.0,800,140,"(2.837264468298472, 4.842546653112948, 1.433252940103818)","(2.8143117039187966, 4.852609988484787, 1.4286006947891576)","(2.8381545840038127, 4.853515944888641, 1.4325745165178505)",41.85
2,2.832821118171071,0.9999999997167179,0,0.0075429274054744245,[0.00130208],Transformation magnitude below threshold,0.8,15.0,800,140,"(2.852608006011831, 4.975679655648558, 1.4334321739945395)","(2.8323788859523975, 4.978912408263586, 1.4283289190405957)","(2.8545823602716047, 4.969578889297907, 1.4373567107725798)",42.35
1,10000000000,,,0.003908590105060344,[0.00028106],Transformation magnitude below threshold,0.8,15.0,800,141,"(2.8720159959644813, 5.1059242157046265, 1.4303842319392208)","(2.851777375580107, 5.114274817421616, 1.4280496332773474)","(2.871163847757823, 5.108286363812522, 1.4301031690040977)",42.82
3,2.6916114255125407,0.3362349827120791,0,0.0053645973573596805,[0.00143008],Transformation magnitude below threshold,0.8,15.0,800,141,"(2.8920325582135793, 5.2446015452352475, 1.4329782238909063)","(2.869915031108693, 5.2405684090995095, 1.4277843391896994)","(2.8897864542670657, 5.238268588198211, 1.444256371055885)",43.33
3,1.9887057844819707,0.20856360267934054,0,0.0011576932754017845,[0.00017115],Transformation magnitude below threshold,0.8,15.0,793,141,"(2.9122242712083657, 5.372778375980424, 1.431587953475488)","(2.8903598119006944, 5.382642847102745, 1.4274830955717155)","(2.910675714318145, 5.381721342302669, 1.4383465891916503)",43.83
2,2.320874257852873,0.9999999997679124,0,0.007979244377369757,[0.00098962],Transformation magnitude below threshold,0.8,15.0,788,141,"(2.930705411023993, 5.503550429503376, 1.4311952209028123)","(2.9085689901264504, 5.508925398430371, 1.4272119875713711)","(2.9306806288990574, 5.506784551584469, 1.4362715072883052)",44.32
1,10000000000,,,0.009903045191274417,[0.00157964],Transformation magnitude below threshold,0.8,15.0,780,141,"(2.9484545836013845, 5.6333358774237015, 1.4302885977147046)","(2.9268123932983054, 5.635202862837814, 1.4269411534125966)","(2.949387959248438, 5.636833488927115, 1.4318682408443397)",44.81
2,2.9057617377427287,0.9999999997094239,0,0.0022309135967984077,[0.00025478],Transformation magnitude below threshold,0.8,15.0,776,142,"(2.9702136911161676, 5.7691207921325525, 1.4310989225864865)","(2.9468297153967904, 5.773458441226287, 1.4266419552895744)","(2.966659490319361, 5.766641073708322, 1.439852046927399)",45.32
2,2.006394999613926,0.9999999997993605,0,0.00651376901100348,[0.00072562],Transformation magnitude below threshold,0.8,15.0,764,142,"(2.9865190333194302, 5.898045489483817, 1.430189726110978)","(2.9656924654052315, 5.9035281088800176, 1.4263769088141338)","(2.988827404443336, 5.902786001118008, 1.433760937928528)",45.82
2,2.989252119086823,0.9999999997010748,0,0.008575282863167333,[0.0010057],Transformation magnitude below threshold,0.8,15.0,754,143,"(3.004847859647054, 6.030065275530582, 1.4299354965101694)","(2.984041120662983, 6.029791483049222, 1.4261099392858765)","(3.0046113201839364, 6.030393062471127, 1.439681540300212)",46.32
1,10000000000,,,0.008804453662176666,[0.00101369],Transformation magnitude below threshold,0.8,15.0,745,144,"(3.022005792920122, 6.158925436769304, 1.4288288763516725)","(3.004723793416881, 6.1718311671006525, 1.4258059270965027)","(3.0228125995664503, 6.156713695596291, 1.4298425651610884)",46.81
2,2.964593988687958,0.9999999997035406,0,0.00553717541725325,[0.00064307],Transformation magnitude below threshold,0.8,15.0,729,144,"(3.043157064690301, 6.294064794470109, 1.430136308821586)","(3.0231446278736063, 6.29808325546761, 1.4255361655904624)","(3.040603613098646, 6.294426014080773, 1.4399628896102357)",47.32
3,2.2158622139570165,0.432240633217397,0,0.00330702638127435,[0.00027107],Transformation magnitude below threshold,0.8,15.0,717,144,"(3.060564911682015, 6.42335748161777, 1.4290107209425251)","(3.0415995477380893, 6.424330953192884, 1.4252706681181675)","(3.0622801065129424, 6.421295695288444, 1.4130860285104925)",47.82
2,2.15525391694781,0.9999999997844745,0,0.0014132727669473385,[0.00014832],Transformation magnitude below threshold,0.8,15.0,701,144,"(3.079514473817411, 6.556822284743457, 1.4290471744489934)","(3.061847540479113, 6.56255409727859, 1.4249745835077936)","(3.079007790916767, 6.5507848562172475, 1.4251131424843049)",48.32
2,2.3259607638575304,0.999999999767404,0,0.0026392117192647656,[0.00030464],Transformation magnitude below threshold,0.8,15.0,690,144,"(3.1016068435144093, 6.692033841241249, 1.4312013536787067)","(3.0811448204047474, 6.694051961585933, 1.4246970876668887)","(3.0977093249688346, 6.687724219685238, 1.4363231798692109)",48.81
1,10000000000,,,0.00630329180350716,[0.00032715],Transformation magnitude below threshold,0.8,15.0,682,144,"(3.117669305687738, 6.82373837479699, 1.4295268652208182)","(3.0997046494899383, 6.820284209244855, 1.424427607353377)","(3.1196901134280113, 6.820106061125092, 1.4298540185960338)",49.31
3,2.042874687433387,0.16929189260688637,0,0.0032588851000050797,[0.00039713],Transformation magnitude below threshold,0.8,15.0,667,144,"(3.136745321703228, 6.957603884420349, 1.429005219699705)","(3.119849471460711, 6.957029986821883, 1.424136368333181)","(3.136922466801877, 6.954317166128824, 1.419285742952451)",49.81
1,10000000000,,,0.0038337318231738255,[0.00023723],Transformation magnitude below threshold,0.8,15.0,655,144,"(3.1558133858979964, 7.091986352958878, 1.429000271914626)","(3.1392570336080055, 7.088511390508605, 1.423860975569233)","(3.1555088512255964, 7.089157272731486, 1.4292374996051658)",50.3
2,1.9695759237340549,0.9999999998030424,0,0.0023666078210669884,[0.00033108],Transformation magnitude below threshold,0.8,15.0,648,144,"(3.170587321995263, 7.223702830680078, 1.4245064979841542)","(3.157922253578203, 7.214729211623435, 1.4235981629966943)","(3.173916030770263, 7.221246457837469, 1.4343059546984307)",50.81
2,1.9909924342399818,0.9999999998009008,0,0.0008979425378668334,[3.66355179e-06],Transformation magnitude below threshold,0.8,15.0,640,144,"(3.1909836709407307, 7.359454917765436, 1.42548348093698)","(3.178740279600484, 7.355258954650622, 1.4233097588823491)","(3.189477021511643, 7.355822370341314, 1.4330624100449123)",51.31
2,1.9284467072384763,0.9999999998071554,0,0.008896734981625989,[0.00100916],Transformation magnitude below threshold,0.8,15.0,634,144,"(3.209592858270872, 7.489994826966842, 1.424750351812571)","(3.197696393766372, 7.482924767491301, 1.4230305347391803)","(3.2108066857152875, 7.496239744711131, 1.4282707785705915)",51.8
2,2.0960149709757157,0.9999999997903986,0,0.0033677344603097255,[0.00036872],Transformation magnitude below threshold,0.8,15.0,629,144,"(3.226701738237208, 7.621916453049604, 1.4213586686373352)","(3.2170284835736815, 7.612925217384286, 1.4227620473689262)","(3.229244928010867, 7.618982328182745, 1.4144549361843355)",52.31
2,1.9670414645302134,0.9999999998032959,0,0.0035538177058829063,[0.00039556],Transformation magnitude below threshold,0.8,15.0,623,144,"(3.249696412924904, 7.753180324560762, 1.4247845550884368)","(3.235833364176062, 7.7391220395217175, 1.4224985262998697)","(3.245568619709848, 7.751485112795663, 1.4310404887158974)",52.8
2,1.7719027342735107,0.9999999998228097,0,0.009621183881093984,[0.00099483],Transformation magnitude below threshold,0.8,15.0,617,144,"(3.270061754994568, 7.884744266441181, 1.4251444309432098)","(3.2564642122334355, 7.877289403375704, 1.422204227235126)","(3.2684854784023556, 7.882551555620385, 1.428357450844043)",53.3
4,1.8409411085006604,0.02028241282407124,1,0.0003289279849210888,[3.63632996e-05],Transformation magnitude below threshold,0.8,15.0,612,144,"(3.2880236316920524, 8.019052845774757, 1.4229037635743775)","(3.2759035523513824, 8.007275037081527, 1.421938691974626)","(3.2902316520784423, 8.01703633412138, 1.4138487560529072)",53.82
3,1.8093097958734334,0.1075100854012648,0,0.0012894745620243954,[0.00016699],Transformation magnitude below threshold,0.8,15.0,606,144,"(3.3090528709236144, 8.148900473352953, 1.424149599681103)","(3.295823202379032, 8.140172561932127, 1.4216491641547802)","(3.306656389875258, 8.148771812093159, 1.4333616692199609)",54.31
4,1.7234129891833756,0.02133656218732206,0,0.0013975259867737425,[0.00012679],Transformation magnitude below threshold,0.8,15.0,598,144,"(3.326355960269044, 8.278877821885809, 1.4219423373992774)","(3.3147674435846732, 8.266348250570953, 1.421382246676273)","(3.3291668885664905, 8.280500514453472, 1.4141065036449794)",54.84
2,1.7021321232954514,0.9999999998297868,0,0.0001325540544866776,[1.37451351e-05],Transformation magnitude below threshold,0.8,15.0,594,144,"(3.3489939807433773, 8.413524119028233, 1.4238205699703212)","(3.335896775813976, 8.406831781817893, 1.4210973913690643)","(3.3463863734259527, 8.412548373293161, 1.4221655669355364)",55.31
3,1.5212864409354312,0.019512367560529556,1,2.2634325932677915e-05,[1.04749366e-06],Transformation magnitude below threshold,0.8,15.0,588,144,"(3.3676950861305195, 8.544045882502312, 1.4203152386166193)","(3.3549114522325243, 8.532998183657229, 1.420836153525044)","(3.3679724130016835, 8.542738324026754, 1.4261059892379935)",55.81
3,1.6357948909532447,0.03710157639833019,0,0.009034050680254533,[0.00090797],Transformation magnitude below threshold,0.8,15.0,582,144,"(3.3802222088607756, 8.637091527107373, 1.4207269271147454)","(3.3693857385451995, 8.628618372072697, 1.4224372074537426)","(3.3813155573354754, 8.637452969978115, 1.4316816808658217)",56.31
3,1.65767982630114,0.3438669346890727,0,0.009694613302010172,[0.00097488],Transformation magnitude below threshold,0.8,15.0,582,144,"(3.386759373034473, 8.64151374031785, 1.634459923128492)","(3.3692700684581136, 8.629997387714013, 1.6358745289291663)","(3.3805805810749767, 8.64802197208896, 1.6553159916867886)",58.3
2,2.1418451439716555,0.9999999997858154,0,0.0017940767861425165,[0.00020934],Transformation magnitude below threshold,0.8,15.0,582,144,"(3.37201878331789, 8.63887448789881, 1.87827427811835)","(3.3689803912407124, 8.630800360469289, 1.8896122324431963)","(3.385933900379345, 8.645927615005949, 1.8768966928525623)",58.8
2,1.7169283831037656,0.9999999998283071,0,0.004615431526781726,[0.00043218],Transformation magnitude below threshold,0.8,15.0,582,144,"(3.372931887101028, 8.636735435872158, 2.147531797334151)","(3.368536073823483, 8.631399414716544, 2.143217780282527)","(3.375010866405014, 8.632527882743743, 2.144407955288182)",59.3
3,1.5357849779297275,0.16428792244571688,0,0.009044098825577563,[0.00091362],Transformation magnitude below threshold,0.8,15.0,584,144,"(3.354599100098694, 8.658055368250936, 2.306921449934824)","(3.3479124431537146, 8.652889584092861, 2.2991087348829837)","(3.3553372288877115, 8.659847958016304, 2.2953992229144955)",59.8
6,1.510353466756428,0.06854730564161948,0,0.00013451742099230998,[9.90343255e-06],Transformation magnitude below threshold,0.8,15.0,581,144,"(3.277260767362899, 8.765707527500174, 2.039932329538565)","(3.2749145864001608, 8.75599169308567, 2.045688631196631)","(3.2840345510901803, 8.764543730562137, 2.005105023529649)",60.32
6,1.455015893398678,0.03503652476952371,0,4.4369165708460925e-05,[6.23615235e-06],Transformation magnitude below threshold,0.8,15.0,576,144,"(3.243115328175631, 8.850284941766294, 1.800275828218355)","(3.238942783296608, 8.841993319352882, 1.810982830333513)","(3.2420539959028662, 8.864935522085737, 1.7835616237720195)",60.82
3,1.561462499818895,0.23150956442577733,0,0.0011989921707576553,[8.36041448e-05],Transformation magnitude below threshold,0.8,15.0,576,144,"(3.2454730835833585, 8.840215811860672, 1.9509664928881192)","(3.241785871298039, 8.829228004624158, 1.9708626791771628)","(3.2398456526048887, 8.860653879254789, 1.9522455974351356)",61.3
5,1.2926555425393778,0.14571790095549803,0,0.00028427700821452177,[2.42679604e-05],Transformation magnitude below threshold,0.8,15.0,576,144,"(3.2452828930093753, 8.839524234060784, 2.219251284131299)","(3.2419845263331184, 8.828834346475487, 2.229714396360615)","(3.2412501074766036, 8.84735545215114, 2.258893138282806)",61.81
3,1.417304290751028,0.14981891412134804,0,0.009214255510082387,[0.00095915],Transformation magnitude below threshold,0.8,15.0,576,144,"(3.2441111604615886, 8.841261532170003, 2.4830349245386043)","(3.2405660979492965, 8.830072164013025, 2.4779280811130953)","(3.242282447995117, 8.842592237748658, 2.4708730661659004)",62.3
2,1.3232893315160028,0.999999999867671,0,0.009440005502572828,[0.00098643],Transformation magnitude below threshold,0.8,15.0,576,133,"(3.2424829330565133, 8.8421147708815, 2.7479762952152913)","(3.239555095700657, 8.830186653966017, 2.762967345076364)","(3.2368473863034333, 8.845433462028046, 2.757462980448607)",62.79
6,1.064639064962187,0.02283781708218124,0,0.0039023782315728063,[0.00042253],Transformation magnitude below threshold,0.8,15.0,576,121,"(3.241297808071271, 8.843557092149284, 3.0120622187287656)","(3.23858616210363, 8.830110799997495, 3.0161864611309643)","(3.2354226350614077, 8.843857092456911, 3.051322449483699)",63.32
3,1.110837053014437,0.5019047783249893,0,0.0031873379935966843,[0.00022353],Transformation magnitude below threshold,0.8,15.0,576,110,"(3.2377390365170715, 8.849298546322682, -3.0023506563513624)","(3.2376709708577938, 8.829942583785988, -3.013470252445548)","(3.2348535104539704, 8.843637565077893, -3.037035846852209)",63.81
3,1.1131049851265569,0.44150454885313767,0,1.4051096980432982e-05,[2.6718131e-06],Transformation magnitude below threshold,0.8,15.0,576,109,"(3.2381177220944477, 8.857437275472488, -2.735197625834122)","(3.2367994465177623, 8.829599176427715, -2.728025055611569)","(3.2369950876298854, 8.84909650850546, -2.7504764342139936)",64.3
3,1.1781555617880113,0.5803380905579574,0,0.005563299359214172,[0.00064929],Transformation magnitude below threshold,0.8,15.0,577,109,"(3.1885183737368745, 8.84432070805481, -2.582902521919942)","(3.186474220300749, 8.799362120538165, -2.5870113569585276)","(3.1921938353405817, 8.834097286207877, -2.6075646640282715)",64.8
3,1.0027521529050039,0.6454759784710221,0,0.015485193980696137,[0.00174607],Absolute error threshold reached,0.8,15.0,586,110,"(3.075441791421714, 8.774164929693317, -2.5835623372981367)","(3.078118601257598, 8.732144297304142, -2.586880790999892)","(3.079803332580307, 8.774747371194383, -2.561712386149463)",65.31
2,1.0660268203140324,0.9999999998933974,0,0.03704099875796601,[0.00456084],Absolute error threshold reached,0.8,15.0,593,111,"(2.9921641607469347, 8.735817157822858, -2.5811271806604026)","(2.9918457517987265, 8.678283421653301, -2.5852033022447634)","(2.9955010179355894, 8.724368980555068, -2.5854322500402493)",65.8
2,2.139588824435938,0.999999999786041,0,0.002766760426189556,[0.00040499],Transformation magnitude below threshold,0.8,15.0,594,111,"(2.994617319992915, 8.73764104666828, -2.1677174797174477)","(2.9905261527620004, 8.676777316599061, -2.1803525870563423)","(2.9736726309331423, 8.717562171170218, -2.144135939466788)",66.8
2,1.7180879006292873,0.9999999998281912,0,0.0001368888742079109,[1.2885115e-05],Transformation magnitude below threshold,0.8,15.0,596,111,"(2.9457469912583853, 8.628506224447941, -2.001882144176243)","(2.939415931957861, 8.56637011907445, -2.005306240015811)","(2.936451611741916, 8.635188185527484, -2.0065843571207873)",67.8
2,1.0833403410983955,0.999999999891666,0,0.0011612942485646253,[0.00011015],Transformation magnitude below threshold,0.8,15.0,604,109,"(2.889453148526978, 8.515443405868274, -2.0019053386614902)","(2.885744377480691, 8.450579083543087, -2.005410568479471)","(2.890433160567481, 8.508152184217087, -2.001315448317876)",68.3
2,1.094619707723801,0.999999999890538,0,0.002082068673157581,[7.58880548e-05],Transformation magnitude below threshold,0.8,15.0,609,108,"(2.8336635356424678, 8.404362917623756, -2.0022006115092648)","(2.8253495620786153, 8.320320763532647, -2.0055255941284287)","(2.8340293288190987, 8.394768270861524, -2.000777927235277)",68.8
2,2.032273789805107,0.9999999997967726,0,0.003066958822025424,[6.49748449e-05],Transformation magnitude below threshold,0.8,15.0,613,107,"(2.77848031510923, 8.27475814413312, -2.0024738112856286)","(2.771652885238641, 8.204541275741876, -2.0056247937956777)","(2.777252276840432, 8.28366381845274, -2.0138028029482267)",69.3
2,1.8743597879448624,0.999999999812564,0,0.13015752745435685,[0.01399202],Absolute error threshold reached,0.8,15.0,622,104,"(2.7225056635494194, 8.177837820299906, -2.0023918531364377)","(2.717944746936481, 8.088767101647557, -2.0057243109635468)","(2.7236529140365353, 8.153508925455153, -1.9884622422595728)",69.8
2,1.406567628263964,0.9999999998593432,0,0.002735125188740549,[3.65654331e-05],Transformation magnitude below threshold,0.8,15.0,628,103,"(2.666378787510848, 8.074647648732423, -2.002598052056077)","(2.6575091471736316, 7.958527685162809, -2.005839739683213)","(2.6674791183986164, 8.057131789088066, -1.9946541033997551)",70.3
2,1.7135694330730031,0.9999999998286431,0,0.08810820913687809,[0.00972894],Absolute error threshold reached,0.8,15.0,633,100,"(2.6123354541578823, 7.94160943464328, -2.00305972132531)","(2.603775912100134, 7.842765266278962, -2.0059437638529043)","(2.610673184734317, 7.9553594733016615, -2.012769109792217)",70.8
1,10000000000,,,,,Absolute error threshold reached,0.8,15.0,640,95,"(2.5553275706093737, 7.83239373614906, -2.00302365773992)","(2.550030733340754, 7.727008352365865, -2.0060457073732687)","(2.5566841013917707, 7.82044011663164, -1.999631233569675)",71.3
2,4.119738404751059,0.9999999995880262,0,0.2938370221471058,[0.03222075],Absolute error threshold reached,0.8,15.0,649,88,"(2.511912817860915, 7.786011628598922, -1.8001350337213646)","(2.49849374204049, 7.591748846391266, -1.7918022030249285)","(2.5192294729688722, 7.721527903808883, -1.7681209403003382)",71.8
2,5.715805977691993,0.9999999994284194,0,0.3975105972222016,[0.04486016],Absolute error threshold reached,0.8,15.0,653,79,"(2.5005941233649684, 7.748664976735958, -1.5375524865805013)","(2.4846285651169486, 7.464308983542002, -1.5386405447420917)","(2.5029676628555926, 7.668299038321612, -1.4931490549240036)",72.3
9,1.588816239967737,0.04627066912486994,0,0.009590340046511532,[0.00076121],Transformation magnitude below threshold,0.8,15.0,658,79,"(2.5075174453612616, 7.392674052059654, -1.6523495416667642)","(2.489249846422014, 7.336058149842819, -1.6430493467487044)","(2.4986105622772823, 7.607193146271922, -1.6320801113120793)",72.83
5,1.2388256464793599,0.17942851867760037,0,0.002561678231387977,[0.00030438],Transformation magnitude below threshold,0.8,15.0,686,79,"(2.481072629829017, 7.182910433275877, -1.9173069721428742)","(2.4609726518298123, 7.1969320727884005, -1.9289565465283425)","(2.480133652393624, 7.264269442089603, -1.9094713655720343)",73.32
9,1.6051136358793763,0.15273383534348617,0,0.007674991070683028,[0.00152467],Transformation magnitude below threshold,0.8,15.0,702,80,"(2.422324658875392, 7.08786903732976, -2.1238150995218517)","(2.4206404638983936, 7.111069263239575, -2.119366092622322)","(2.45059492020342, 7.112809332215512, -2.0445156489677516)",74.49
9,1.2815606794821057,0.1867556128732591,0,0.008158541388391937,[0.0025589],Transformation magnitude below threshold,0.8,15.0,727,81,"(2.2625513489994815, 6.924665353575295, -2.5852201583082457)","(2.251956474231972, 6.939522795190258, -2.6053200689467793)","(2.2830929248750387, 6.936386949204856, -2.5043459564583452)",74.77
2,1.5680209994738654,0.9999999998431979,0,0.03554390579652797,[0.00192725],Absolute error threshold reached,0.8,15.0,736,82,"(2.2022901090299056, 6.886117042888986, -2.745547495803837)","(2.186362343523311, 6.905544108607512, -2.7530096145357263)","(2.183156363380719, 6.883897833518995, -2.7492227534450584)",74.95
10,1.5934646178537517,0.11137146116319342,0,0.024391032626284944,[0.00597731],Max iterations reached,0.8,15.0,743,86,"(2.129753885996294, 6.843696651515429, -2.9694897226169186)","(2.0790208261341965, 6.873230033998221, -2.979615295392068)","(2.0828655977546764, 6.856792237127731, -3.056063838177484)",75.4
2,1.8079973848067974,0.9999999998192003,0,0.024992801942791,[0.00244673],Absolute error threshold reached,0.8,15.0,746,99,"(1.9650383204372832, 6.850235630742076, 3.094966362773729)","(1.942794294993055, 6.867010468460174, 3.095133899154053)","(2.0090880561034377, 6.836298027577262, 3.091966367841523)",75.84
6,1.2661910640533676,0.14991352686071654,0,0.00041680446014675555,[4.35152551e-07],Transformation magnitude below threshold,0.8,15.0,753,89,"(1.8203450482599481, 6.851293074242787, -2.94172106367613)","(1.8093015487641777, 6.85772700635892, -2.9250022126985056)","(1.8235708883142492, 6.837685814973719, -2.9180062130715356)",76.35
4,1.7515170457217182,0.14235332519427252,0,0.004847359836868389,[0.00138885],Transformation magnitude below threshold,0.8,15.0,758,84,"(1.7372344915494908, 6.8026606171774056, -2.694051800026621)","(1.6868751492780798, 6.815787206294952, -2.6657503701512435)","(1.694985624026355, 6.810359487542666, -2.7102344021460683)",76.83
5,1.7766221475876223,0.2829879680438757,0,0.006358638800880309,[0.00123047],Transformation magnitude below threshold,0.8,15.0,764,84,"(1.6174212165901622, 6.729621146353718, -2.4266370538084967)","(1.5734782268905831, 6.738883401338489, -2.396096733271801)","(1.6337968107811702, 6.736665349813865, -2.4533195317845005)",77.33
8,1.5637091949531452,0.237041303769675,0,0.0038612834720012736,[0.00085169],Transformation magnitude below threshold,0.8,15.0,772,85,"(1.5209266326673134, 6.621387016416176, -2.19917318738094)","(1.4885496352164298, 6.640557508306728, -2.2101893659845375)","(1.5214264084811415, 6.632335875374229, -2.2723988308840335)",77.86
1,10000000000,,,0.009500831965059665,[0.00049011],Transformation magnitude below threshold,0.8,15.0,776,88,"(1.4219372709516604, 6.527143345823244, -2.451761705495943)","(1.3980562185471315, 6.5441890458637895, -2.4723000845266365)","(1.4342206766493064, 6.529227186505266, -2.4522518182393442)",78.32
3,1.7344923776704595,0.4677793367374733,0,0.0042158809489301965,[0.00144939],Transformation magnitude below threshold,0.8,15.0,784,90,"(1.3092380010983555, 6.454583389764288, -2.4727056090832438)","(1.2902179446342552, 6.459267746925693, -2.475911487988385)","(1.3171987649763888, 6.441798230152172, -2.4639748047130356)",78.83
1,10000000000,,,0.006774537309157602,[0.00148745],Transformation magnitude below threshold,0.8,15.0,792,91,"(1.2055455826124895, 6.36913824020584, -2.4730392808160637)","(1.188808930028241, 6.379513153649907, -2.4758304408990974)","(1.202822112449792, 6.370367770185687, -2.47155183118245)",79.32
2,2.1979306479951726,0.9999999997802068,0,0.005246066293479852,[0.0006921],Transformation magnitude below threshold,0.8,15.0,799,92,"(1.1102821497147983, 6.285162953849944, -2.475566717604248)","(1.0843928039892947, 6.297382177428865, -2.475742930960505)","(1.1011890370929716, 6.2873001515548035, -2.480061481078398)",79.83
4,2.1971769159776655,0.2189836362909294,0,0.005033874411533793,[0.00076625],Transformation magnitude below threshold,0.8,15.0,800,94,"(0.9860443374800997, 6.205908416022627, -2.470630006672915)","(0.9769692564243575, 6.212874887949185, -2.475647959681651)","(1.0063556321539038, 6.201972837811082, -2.4575630027887856)",80.33
4,2.4344043278149496,0.3195188278802109,0,0.005866675956953765,[0.00104089],Transformation magnitude below threshold,0.8,15.0,800,96,"(0.9123289864523475, 6.11450983211785, -2.4808569935730613)","(0.8725669137951421, 6.130726170873456, -2.475559304368556)","(0.8819807917811311, 6.124935756104982, -2.490057730445492)",80.83
2,2.592034299618237,0.9999999997407967,0,0.003622489187102518,[3.41793144e-05],Transformation magnitude below threshold,0.8,15.0,800,95,"(0.8189827862544868, 6.026586866245957, -2.482937528712398)","(0.7681712608922617, 6.048568777174249, -2.4754705402662056)","(0.8086844264245924, 6.03427394239838, -2.4847772922643196)",81.32
2,2.0568616147770977,0.9999999997943139,0,0.005098327474960568,[0.0007967],Transformation magnitude below threshold,0.8,15.0,800,95,"(0.706770689361162, 5.944448231261172, -2.561873691232895)","(0.6650790534237953, 5.969841098284923, -2.5791642536424395)","(0.7047798293526047, 5.945412106547837, -2.564380805799596)",81.82
5,2.5735339588713937,0.14199195137238838,0,0.006861640393518581,[0.00111016],Transformation magnitude below threshold,0.8,15.0,800,95,"(0.537654809933458, 5.910598791081311, -2.674300357644116)","(0.543402607680098, 5.905899407434624, -2.686560987634089)","(0.5881906247336439, 5.875274811822147, -2.6651411365136806)",82.35
3,2.560484407080433,0.16973292332019868,0,0.00502658920295856,[0.00146108],Transformation magnitude below threshold,0.8,15.0,800,95,"(0.421543139312924, 5.849987293689768, -2.6751621442325093)","(0.42758471153267974, 5.849140343226367, -2.6863981383653064)","(0.4162897744576656, 5.848868356828555, -2.667822429106448)",82.83
4,2.544220072627108,0.07357910408967341,0,0.0027301824144156796,[0.00133674],Transformation magnitude below threshold,0.8,15.0,800,96,"(0.30843196000255413, 5.790354232989543, -2.675691148606544)","(0.3048846214507192, 5.788996145867075, -2.6862150842323005)","(0.3022912497214211, 5.789383081371012, -2.667645665654481)",83.33
1,10000000000,,,0.008721495468867236,[0.0010282],Transformation magnitude below threshold,0.8,15.0,800,96,"(0.19297751088665555, 5.733447321669674, -2.679790202222912)","(0.18908501045522622, 5.732197675600103, -2.686048494956242)","(0.1903568717910702, 5.731362396500552, -2.680818406635762)",83.81
1,10000000000,,,0.0071408685296225,[0.00101275],Transformation magnitude below threshold,0.8,15.0,800,97,"(0.07660752981879901, 5.679317728864547, -2.6763864830581383)","(0.06632964404760769, 5.671975594645141, -2.6904548500079333)","(0.07666338960225, 5.675237462761233, -2.6753737336257544)",84.31
2,2.8377516924211035,0.9999999997162249,0,0.0019498958531116919,[0.00056723],Transformation magnitude below threshold,0.8,15.0,800,108,"(-0.05276975556702354, 5.620136943465336, -2.918236523236617)","(-0.05589618587541362, 5.628630420672236, -2.948067695691097)","(-0.04730485372517228, 5.6345187730501705, -2.912967045839262)",84.82
2,2.336316445991985,0.9999999997663683,0,0.006061173866244006,[0.00061201],Transformation magnitude below threshold,0.8,15.0,800,115,"(-0.18014217958007803, 5.60684745425132, -3.049293122600955)","(-0.19189639157776753, 5.612932755390037, -3.055129404302342)","(-0.19024826251495117, 5.598446738728432, -3.0519853074156384)",85.32
2,2.3733036720755756,0.9999999997626695,0,0.004451689516863321,[0.00073703],Transformation magnitude below threshold,0.8,15.0,800,115,"(-0.31713642163754424, 5.594783188045253, -3.0463128813574483)","(-0.32040955397937926, 5.6017644895807175, -3.0548040386761803)","(-0.3144979417867333, 5.594054977922085, -3.044037609359178)",85.82
1,10000000000,,,0.0017804127419562112,[2.00334903e-05],Transformation magnitude below threshold,0.8,15.0,800,116,"(-0.44736550963911853, 5.583862465283123, -3.0486264850479974)","(-0.45657005483690416, 5.589893720298619, -3.054460931914585)","(-0.44848069030077253, 5.582382711083108, -3.048606451557692)",86.32
1,10000000000,,,0.00705977943117774,[0.00020732],Transformation magnitude below threshold,0.8,15.0,800,117,"(-0.5749137713624654, 5.567693287271477, -3.0500513515938046)","(-0.5889006409827293, 5.578308018339171, -3.0541302648925313)","(-0.5796956858520345, 5.57163359551027, -3.0502586702213126)",86.81
2,2.4873928233401705,0.9999999997512607,0,0.005563332588776443,[0.00032499],Transformation magnitude below threshold,0.8,15.0,800,118,"(-0.6950414247859505, 5.552958205761857, -3.0524361605201826)","(-0.7212272890120026, 5.566678580974845, -3.053796740986182)","(-0.7066073707895096, 5.5558821410174115, -3.054239462424144)",87.35
1,10000000000,,,0.003825747002984119,[0.00061301],Transformation magnitude below threshold,0.8,15.0,800,118,"(-0.8262684306005984, 5.53893275865828, -3.0501825761749863)","(-0.8497249875275664, 5.555339467921817, -3.0534724389876042)","(-0.8268226772072027, 5.54098740548567, -3.049569563645481)",87.82
1,10000000000,,,0.0065909599821867716,[3.76576538e-05],Transformation magnitude below threshold,0.8,15.0,800,119,"(-0.9544074007890266, 5.525579971784644, -3.053274852577053)","(-0.9820439251723029, 5.543623156411043, -3.053138121943302)","(-0.9610891405049193, 5.526781960683071, -3.053237194923223)",88.31
2,2.030227947139306,0.9999999997969772,0,0.009037681496294036,[0.0017341],Transformation magnitude below threshold,0.8,15.0,800,120,"(-1.0852638682552258, 5.50799265256026, -3.0534811143544607)","(-1.1143589582510929, 5.5318618896020295, -3.05280686161702)","(-1.0874674843085634, 5.513565169023997, -3.0498067373995017)",88.82
2,2.8855817326612345,0.9999999997114418,0,0.0038905673046945822,[0.00012528],Transformation magnitude below threshold,0.8,15.0,800,121,"(-1.2068047711540861, 5.492575105298391, -3.0595177550084114)","(-1.2504946454188104, 5.519718980911028, -3.052465970809545)","(-1.216329171075217, 5.496979206527087, -3.0620376509778335)",89.33
2,2.4101432325235406,0.9999999997589857,0,0.00020058410962109325,[5.69162907e-06],Transformation magnitude below threshold,0.8,15.0,800,121,"(-1.3358732685499626, 5.4875070412558955, -3.0580309361838225)","(-1.3790698490248248, 5.508200313022691, -3.0506002217712096)","(-1.3345754284879219, 5.482077713353273, -3.0597196097654185)",89.82
4,2.8190518733485663,0.22563489473541287,0,0.00504014361096788,[0.00014556],Transformation magnitude below threshold,0.8,15.0,800,111,"(-1.4939273065272674, 5.471134510989819, -2.802822872828562)","(-1.5104775925578904, 5.481241563530432, -2.789590702430468)","(-1.4704191628458065, 5.458111484161246, -2.794954764888447)",90.33
6,3.6942517136575104,0.17443790553965252,0,0.009015767687779775,[0.00106882],Transformation magnitude below threshold,0.8,15.0,800,100,"(-1.624909667857639, 5.420650544289846, -2.533868597002393)","(-1.632531382230007, 5.419020416042578, -2.5198543447435156)","(-1.6208550481989852, 5.40257079993813, -2.4898186246897116)",90.84
4,2.6620597576227403,0.18763809153745536,0,0.00968217271312455,[0.00166156],Transformation magnitude below threshold,0.8,15.0,800,94,"(-1.6954348006731053, 5.356417548890877, -2.421060733073223)","(-1.7353155456582054, 5.332581142532848, -2.417640175335633)","(-1.7317431518832136, 5.338360763549997, -2.4366302660073456)",91.33
2,2.400478579909538,0.9999999997599521,0,0.0021976419125201586,[0.0005865],Transformation magnitude below threshold,0.8,15.0,800,95,"(-1.8040334444661792, 5.26914000096113, -2.418592342523758)","(-1.8319173020033375, 5.247042982960111, -2.417578483398297)","(-1.7969648498144697, 5.267424034906887, -2.4227396976399445)",91.81
2,2.858233383498179,0.9999999997141767,0,0.005780287868955988,[0.00112471],Transformation magnitude below threshold,0.8,15.0,800,95,"(-1.9009869624085722, 5.172612230674532, -2.4206056348093203)","(-1.9313839915501732, 5.158958664648793, -2.417510298406963)","(-1.905420422795158, 5.180249450705755, -2.424957769752778)",92.31
3,2.0962933481512502,0.25524250050394864,0,0.005222498400509843,[0.00112909],Transformation magnitude below threshold,0.8,15.0,800,95,"(-2.001918613304394, 5.057696220167295, -2.3877129716040595)","(-2.034511849448549, 5.0669679358239925, -2.3612866963320944)","(-1.9987085524065822, 5.082846321698423, -2.3765987204268053)",92.81
6,2.2553719448648653,0.24320938303541234,0,0.006266019242830113,[0.00155869],Transformation magnitude below threshold,0.8,15.0,800,88,"(-2.0905015173068304, 5.006303458501683, -2.1261717649511604)","(-2.115715788135054, 4.96550025523376, -2.1023032478386345)","(-2.0780695495657397, 4.9684661629034865, -2.1668349506800624)",93.33
1,10000000000,,,0.009602731351824469,[0.00011634],Transformation magnitude below threshold,0.8,15.0,800,87,"(-2.1527047166283837, 4.884665139358159, -1.8558834866600027)","(-2.170580798324667, 4.8394604775861, -1.8378083554936155)","(-2.143191325005261, 4.888408011925421, -1.8559998223030052)",93.8
1,10000000000,,,0.006832869093315148,[0.00071836],Transformation magnitude below threshold,0.8,15.0,800,87,"(-2.1861496964873246, 4.747450278689247, -1.8347839082303303)","(-2.2046626601540953, 4.714324872174478, -1.8365716937890804)","(-2.189819605137221, 4.752706528813508, -1.8340655484319812)",94.31
1,10000000000,,,0.00936180809978441,[0.00050021],Transformation magnitude below threshold,0.8,15.0,800,86,"(-2.2153086042933934, 4.618827748786909, -1.8650847840132518)","(-2.2412017097928945, 4.581817574729674, -1.89269453680884)","(-2.2220725048308143, 4.622236567863497, -1.8655849927661703)",94.8
4,2.298230663396198,0.2549007149886872,0,0.009876283259424672,[0.00198581],Transformation magnitude below threshold,0.8,15.0,800,86,"(-2.2720680070383983, 4.505798774743141, -2.1312682935969067)","(-2.2951814030746416, 4.465948921159051, -2.151825241961697)","(-2.2725273355896523, 4.4964915659881575, -2.1514867480817204)",95.32
4,2.4139840017481675,0.1517802308105257,0,0.0065098099875407585,[0.00191546],Transformation magnitude below threshold,0.8,15.0,800,90,"(-2.3597258753102657, 4.430369071940273, -2.2535357468152446)","(-2.3793869030602623, 4.357447287748839, -2.259222882370849)","(-2.3523788825921215, 4.396873873239792, -2.280977728597813)",95.81
4,1.7147662120656335,0.25060066166557443,0,0.005754235055190262,[0.00042795],Transformation magnitude below threshold,0.8,15.0,800,86,"(-2.4341570628364266, 4.249257022109086, -2.174979657564203)","(-2.4631180136824398, 4.25175299583519, -2.1499413761221127)","(-2.437319978282823, 4.323896204855052, -2.147605104698741)",96.32
3,1.4919644425598018,0.15537041427351575,0,5.265411319575214e-05,[1.0210607e-05],Transformation magnitude below threshold,0.8,15.0,800,85,"(-2.5040677517110037, 4.125313034642721, -2.0449251242385342)","(-2.52576387643145, 4.137735016842904, -2.047522201722805)","(-2.5029558629426596, 4.133578643465455, -2.0397018295406064)",96.82
3,2.070540232152017,0.1741360663960176,0,0.004739892555006826,[0.00067278],Transformation magnitude below threshold,0.8,15.0,800,85,"(-2.5557492054521234, 4.010836846218439, -2.0537975334967378)","(-2.5884615210529933, 4.016172532110067, -2.0476016534215975)","(-2.5657501859264564, 4.00769289578812, -2.0626530374663754)",97.32
3,1.355761659687561,0.2609230055702688,0,0.004940235397866863,[0.00108257],Transformation magnitude below threshold,0.8,15.0,800,84,"(-2.6203812485086186, 3.888043448160542, -1.9658769290915075)","(-2.646412278070199, 3.8995022403373696, -1.9438651959891475)","(-2.613239781102517, 3.8874167340682595, -1.9596454152578557)",97.82
4,3.1834480101514173,0.06986553384807102,0,0.006177219776097272,[0.00108508],Transformation magnitude below threshold,0.8,15.0,800,83,"(-2.6156662714265786, 3.7222377622283798, -1.7346470918803336)","(-2.680810110596795, 3.76648869552763, -1.6749315095929607)","(-2.657687544884417, 3.759034025526509, -1.738708184127726)",98.33
5,3.581970832531202,0.11360472053750482,0,0.009935923847963957,[0.00248011],Transformation magnitude below threshold,0.8,15.0,800,83,"(-2.5933289477117984, 3.573832676977258, -1.6142955060789705)","(-2.6844741887817403, 3.6360907605912622, -1.5726999266584256)","(-2.6304047614629646, 3.5905640820845965, -1.629881488745016)",98.83
1,10000000000,,,0.008807924669076856,[0.00290129],Transformation magnitude below threshold,0.8,15.0,800,83,"(-2.6052817901607153, 3.4402647987638373, -1.614791426234359)","(-2.6847295378435403, 3.5032265387296877, -1.5727420920636206)","(-2.599381590417923, 3.440009293877504, -1.6176927193164494)",99.32
2,4.539750391266177,0.9999999995460249,0,0.005390207566061475,[0.00292224],Transformation magnitude below threshold,0.8,15.0,800,83,"(-2.596981798129193, 3.3047939659269345, -1.6187508582001953)","(-2.684990507572024, 3.3703622393535424, -1.5727854713023175)","(-2.6115086983457507, 3.313580795228382, -1.62502831965518)",99.82
2,3.1323100653880065,0.9999999996867689,0,0.009626769347552067,[0.00284069],Transformation magnitude below threshold,0.8,15.0,800,83,"(-2.611031595614959, 3.1672669724540055, -1.603965813844502)","(-2.685257274143288, 3.237497889822681, -1.5728302187780425)","(-2.602775505077719, 3.1747803841364513, -1.6119075127262172)",100.32
5,2.3507912859007334,0.08358181985428863,0,0.007262986670345033,[0.00117914],Transformation magnitude below threshold,0.8,15.0,800,83,"(-2.6266996693938482, 3.0495897379641552, -1.5943603605500696)","(-2.6855373547397554, 3.1007944696428065, -1.5728776995114344)","(-2.6154988878744216, 3.0373086572639583, -1.6063493980658572)",100.84
1,10000000000,,,0.007166944508038333,[0.00045875],Transformation magnitude below threshold,0.8,15.0,800,83,"(-2.6285632057169495, 2.919485331452478, -1.5934100105857916)","(-2.685816430659479, 2.967929966722618, -1.572924898570231)","(-2.6298613266582023, 2.914026967582385, -1.593868758123505)",101.32
2,3.410458878197619,0.999999999658954,0,0.007779917547513517,[0.00188813],Transformation magnitude below threshold,0.8,15.0,800,83,"(-2.6180124427789826, 2.761084112507193, -1.6033345874762777)","(-2.686101893116479, 2.8350654004439666, -1.5729732552772053)","(-2.632755481447208, 2.783598229611038, -1.6098654130507846)",101.82
5,2.2919506859278047,0.04329639793948826,0,0.008087486639091602,[0.00147773],Transformation magnitude below threshold,0.8,15.0,800,83,"(-2.630643037506279, 2.6542956115371346, -1.5935642213510464)","(-2.686385995502365, 2.7060396579858113, -1.5730213228256542)","(-2.6224157186577797, 2.632353291621418, -1.6066419973596957)",102.33
1,10000000000,,,0.006725391423012789,[0.00018466],Transformation magnitude below threshold,0.8,15.0,800,83,"(-2.6370879474101954, 2.528399907212085, -1.7261217771023296)","(-2.6916048684621057, 2.572620640262292, -1.7297140699143203)","(-2.6423368491278008, 2.5231839507561804, -1.7259371152570837)",102.82
2,1.9442735775331832,0.9999999998055727,0,0.005964188465122315,[0.00091751],Transformation magnitude below threshold,0.8,15.0,800,83,"(-2.6827226731411242, 2.404790245087222, -1.7942308101256692)","(-2.7196023708003576, 2.4371823580161607, -1.784360788723213)","(-2.6622470575235084, 2.397726280393204, -1.7958838197593399)",103.32
1,10000000000,,,0.004483339074669736,[0.00051319],Transformation magnitude below threshold,0.8,15.0,800,83,"(-2.7169594707717595, 2.2747014681710294, -1.7916486894269132)","(-2.7477514554134546, 2.307274419271187, -1.7845912008159803)","(-2.7125186748746137, 2.2730316218438884, -1.7921618748878645)",103.82
1,10000000000,,,0.009976672569487335,[0.00098455],Transformation magnitude below threshold,0.8,15.0,800,83,"(-2.7392507932329164, 2.14825249401918, -1.7966332860145249)","(-2.775930382606054, 2.1773733576263385, -1.784822264147706)","(-2.74611929962207, 2.1466118102571983, -1.797617832695774)",104.31
1,10000000000,,,0.007560122779556974,[0.00082351],Transformation magnitude below threshold,0.8,15.0,800,83,"(-2.7734444710004333, 2.022962167085267, -1.7926913341607695)","(-2.803327885692013, 2.0512322720171667, -1.7850575262651023)","(-2.76890592059288, 2.018251942884881, -1.7935148405985712)",104.81
1,10000000000,,,0.002432868673535229,[0.00067945],Transformation magnitude below threshold,0.8,15.0,800,83,"(-2.80048175404859, 1.8900983116443315, -1.7929548681212095)","(-2.8315671372459605, 1.9213439940770496, -1.785293321322817)","(-2.8040237315224195, 1.887290414643058, -1.7922754225428428)",105.31
2,1.9871809199850692,0.999999999801282,0,0.005512032758939479,[0.00103707],Transformation magnitude below threshold,0.8,15.0,800,83,"(-2.8256403891082784, 1.7656282320828642, -1.7957535150580572)","(-2.860650378639599, 1.787708911368716, -1.7855253991553444)","(-2.8303388806204803, 1.7603200545760809, -1.800893518207313)",105.82
1,10000000000,,,0.00992423331779263,[0.00228269],Transformation magnitude below threshold,0.8,15.0,800,82,"(-2.849525212702755, 1.6331834111487327, -1.8005336919233839)","(-2.8881360865137577, 1.6615863402615028, -1.7857557119389822)","(-2.8554537617461166, 1.6374260712676572, -1.8028163833468094)",106.32
2,1.9537322937661614,0.9999999998046268,0,0.0052686265023405565,[0.00102952],Transformation magnitude below threshold,0.8,15.0,800,82,"(-2.876156724800707, 1.5136686562129233, -1.8017265096798696)","(-2.9164652011891863, 1.5317176577933975, -1.7859860062521185)","(-2.8789322915941553, 1.5088137330699871, -1.8054282200827334)",106.82
3,1.8608209278308916,0.19818106469395017,0,0.0028107383852811916,[0.00054501],Transformation magnitude below threshold,0.8,15.0,800,82,"(-2.897649404930369, 1.4106279640205173, -1.800222942113528)","(-2.939966389405113, 1.4240751678206285, -1.7861723846479771)","(-2.9020035362785976, 1.4056628932360056, -1.8096502252992273)",107.95
2,2.7303259720793154,0.9999999997269674,0,0.005337558383513304,[0.00387389],Transformation magnitude below threshold,0.8,15.0,800,82,"(-2.9456416891397255, 1.1879068050899735, -1.8017206895607916)","(-2.987670336568084, 1.205919350872916, -1.7865661006609566)","(-2.9477522557698945, 1.2020592545052204, -1.8128799987889719)",108.17
4,1.3397289782497994,0.05790592484333251,0,0.008120808381410504,[0.00151047],Transformation magnitude below threshold,0.8,15.0,800,82,"(-2.9743289732054787, 1.1308881298811444, -1.7881738247825958)","(-3.001635042055121, 1.1421505549156639, -1.7866867909948554)","(-2.9637490203937005, 1.1100182598412875, -1.7967121621163715)",108.42
3,1.1602946240276149,0.04778535335412244,0,0.006093987819417691,[0.00082702],Transformation magnitude below threshold,0.8,15.0,800,81,"(-3.000904597730816, 1.0172711534425538, -1.7887240621522513)","(-3.0286267209616007, 1.0189429900199376, -1.7868965779805932)","(-3.003801133621978, 0.998752576736796, -1.7923243623472969)",108.86
6,1.2621839184997898,0.06801840706086337,1,0.008139899712770099,[0.00029938],Transformation magnitude below threshold,0.8,15.0,800,81,"(-3.0300885712286365, 0.9528490944127977, -1.7885907884938121)","(-3.058564623748722, 0.8824716391964567, -1.78714521521836)","(-3.0301791389577426, 0.8862050956139005, -1.7923690027189043)",109.35
1,10000000000,,,,,Absolute error threshold reached,0.8,15.0,800,81,"(-3.063460846022403, 0.8242349158138194, -1.7874013589597562)","(-3.087074501981296, 0.7526423349569569, -1.7873785084381046)","(-3.059806743298919, 0.8182687140598972, -1.7876683713044383)",109.83
3,1.1721440746543372,0.05064511531876845,0,0.009734542945000764,[0.00015915],Transformation magnitude below threshold,0.8,15.0,800,81,"(-3.0762462962262354, 0.731412083729714, -1.7938159265937863)","(-3.1164363834668034, 0.6190680876026472, -1.7876120515245348)","(-3.0919442606448424, 0.6963034560180689, -1.7923365882020679)",110.34
2,1.253073634146611,0.9999999998746927,0,0.018174816603344416,[0.00100877],Absolute error threshold reached,0.8,15.0,800,81,"(-3.122996791178994, 0.6014876928613527, -1.7881787814622194)","(-3.143864274564655, 0.49444403769357576, -1.7878337165913496)","(-3.1047087292610183, 0.6045024735080797, -1.7890219687551674)",110.82
1,10000000000,,,,,Absolute error threshold reached,0.8,15.0,800,80,"(-3.1481583744779513, 0.47853515026845683, -1.7885621014692596)","(-3.1713193987817077, 0.3698260789266735, -1.7880526062484068)","(-3.1516901122353183, 0.4716809307136359, -1.7885102805587614)",111.32
2,1.7766684449273888,0.9999999998223331,0,0.00829045146522182,[0.00109651],Transformation magnitude below threshold,0.8,15.0,800,80,"(-3.1868009640364927, 0.3345087284441792, -1.7860432546691298)","(-3.2014149249201376, 0.23338912732100228, -1.788300529542745)","(-3.17596414067956, 0.3498232634517309, -1.77855347678414)",111.82
2,1.1466841436443411,0.9999999998853315,0,0.013939775470486838,[0.00097938],Absolute error threshold reached,0.8,15.0,800,79,"(-3.2078948354442685, 0.21638302955832492, -1.7881365432841292)","(-3.2297525829122, 0.1050338433952787, -1.788523217220571)","(-3.2157046877147644, 0.20316411798952175, -1.78876488441744)",112.32
1,10000000000,,,,,Absolute error threshold reached,0.8,15.0,800,79,"(-3.2375668058133815, 0.08846070797759373, -1.7889605682556702)","(-3.2572942381590813, -0.01956501015091057, -1.78874727232874)","(-3.2372369149935007, 0.0835233877388202, -1.788178346153651)",112.82
1,10000000000,,,0.008024929555906958,[0.00170075],Transformation magnitude below threshold,0.8,15.0,800,80,"(-3.2610354512713715, -0.04116710634094023, -1.799598298425548)","(-3.2874848906375056, -0.1559816930936931, -1.7889965106929584)","(-3.2669621490885574, -0.04138573058494638, -1.797897551873527)",113.32
4,1.5023021748986731,0.09237770308065277,0,0.009893347339746552,[0.00123244],Transformation magnitude below threshold,0.8,15.0,800,79,"(-3.2911705477501667, -0.1437712206108849, -1.79631189596281)","(-3.31508387168625, -0.28056812689657856, -1.789214611061671)","(-3.291716078414075, -0.17139600754534345, -1.8047363783468315)",113.82
2,1.6282251299416381,0.9999999998371775,0,0.0007391286869015123,[0.00064059],Transformation magnitude below threshold,0.8,15.0,800,79,"(-3.3180433884697567, -0.2898001096461205, -1.7906089567723733)","(-3.3458417355083103, -0.4192792339217057, -1.7894512669696467)","(-3.321464884858399, -0.2775372858043532, -1.7907118773600774)",114.31
1,10000000000,,,0.0030029538487517243,[3.15633473e-05],Transformation magnitude below threshold,0.8,15.0,800,78,"(-3.3468211827920196, -0.4189577918824222, -1.7992201833980939)","(-3.3738224675293687, -0.5452933256882059, -1.7896839105802087)","(-3.3468220484062736, -0.41606050776459125, -1.7991886200507992)",114.81
2,1.6395572461097163,0.9999999998360443,0,0.005911476078410546,[0.0006412],Transformation magnitude below threshold,0.8,15.0,800,78,"(-3.3742218136281616, -0.5268728308609776, -1.801085335831718)","(-3.401507671567197, -0.6698605848845401, -1.7899071633295125)","(-3.377310645869077, -0.5480844554783978, -1.806119735133099)",115.32
3,1.3554812723438294,0.06677366790055356,0,0.008481468871228578,[0.00048274],Transformation magnitude below threshold,0.8,15.0,800,78,"(-3.3900767067261, -0.6307047317399052, -1.8041570068500206)","(-3.4315309826125358, -0.8048019456825669, -1.7901455617670003)","(-3.4047371515365192, -0.6573777337378284, -1.7999040646738145)",115.82
2,1.808811639238219,0.9999999998191189,0,0.0072883677676721026,[0.00140001],Transformation magnitude below threshold,0.8,15.0,800,77,"(-3.4226805194351515, -0.7421445072844925, -1.8039807725268087)","(-3.4604294735733516, -0.9345464929120109, -1.7903719315159776)","(-3.4207855458428447, -0.7571748540509181, -1.8138455166429517)",116.31
3,1.2965163945455007,0.11258784921949912,0,0.005582714501087412,[0.00082311],Transformation magnitude below threshold,0.8,15.0,800,77,"(-3.4633601384742674, -0.8578011659488148, -1.794434864094491)","(-3.488199640588375, -1.0590947271821034, -1.7905903642492456)","(-3.4531132257068156, -0.8710902359053799, -1.8011529581373928)",116.81
2,1.8063517630297434,0.9999999998193647,0,0.009245636359087662,[0.00154282],Transformation magnitude below threshold,0.8,15.0,800,76,"(-3.4940915128202543, -0.9495889695588059, -1.801810277541888)","(-3.5183151959532877, -1.1940149845505599, -1.7908308740405583)","(-3.4936986985092044, -0.9858208928330737, -1.8125393907321237)",117.31
3,1.200378112912687,0.38036561574995303,0,0.018757431083265504,[0.00458724],Absolute error threshold reached,0.8,15.0,800,76,"(-3.5268060618324535, -1.0703970877581666, -1.7914728732299299)","(-3.547303235301793, -1.3237395241041476, -1.7910626285737266)","(-3.5234786066795496, -1.0814416161881601, -1.7783705028420125)",117.81
2,1.2291566610981555,0.9999999998770843,0,0.007076158387368633,[0.00019809],Transformation magnitude below threshold,0.8,15.0,800,75,"(-3.556083587556917, -1.191614058986488, -1.7913055278960055)","(-3.5751596885891055, -1.4482692094489713, -1.7912818290518406)","(-3.5550191650389826, -1.1980115426190372, -1.785281692206222)",118.31
3,1.34169536613761,0.4470739262794031,0,0.002197531818985948,[0.00085447],Transformation magnitude below threshold,0.8,15.0,800,75,"(-3.5871021805268324, -1.2614607648282745, -1.7119274099617328)","(-3.5944909954773165, -1.5398685535769838, -1.6962736159362042)","(-3.569901576283115, -1.269922320711454, -1.6996038746875637)",118.82
1,10000000000,,,0.005056673489566674,[0.00018944],Transformation magnitude below threshold,0.8,15.0,800,75,"(-3.6011017864323698, -1.3875973813950047, -1.7022290397504527)","(-3.610167989679201, -1.6668732636680892, -1.6942487388600822)","(-3.604894688458757, -1.391299514682845, -1.7020395972042492)",119.3
4,1.131167092809636,0.25719680438455655,0,0.015182102426977748,[0.00199757],Absolute error threshold reached,0.8,15.0,800,76,"(-3.64627878936018, -1.3292293659076946, -1.8218815371359038)","(-3.615730408649121, -1.7116109717444155, -1.839549448239619)","(-3.61120727515737, -1.4330244503151162, -1.8771455548234615)",119.83
3,1.5758410211479812,0.5780033022052129,0,0.008753630967179253,[0.0017643],Transformation magnitude below threshold,0.8,15.0,800,82,"(-3.6304901665973768, -1.4386061114588098, -1.9512715191327377)","(-3.6498562317334704, -1.7986976943519317, -1.952478646884805)","(-3.6704036297898406, -1.4093920437598981, -1.9043646811930028)",120.31
3,1.01104787028955,0.5422976609424721,0,0.015888048689597766,[0.00133256],Absolute error threshold reached,0.8,15.0,800,83,"(-3.6729396687319387, -1.562166640432095, -1.9527351032769946)","(-3.6979003541330195, -1.9185291823999084, -1.9526191081204998)","(-3.6788667751716977, -1.562602977335554, -1.9342829029732695)",120.81
2,2.1233395725294955,0.9999999997876662,0,0.06795705341109505,[0.01466039],Absolute error threshold reached,0.8,15.0,800,82,"(-3.716063242019459, -1.6622499732474112, -1.9253896096916099)","(-3.7347381888780533, -2.0099597051024016, -1.9102161205200958)","(-3.7095547605553283, -1.6591030973999397, -1.9111685093042297)",121.31
2,1.5161787809528076,0.9999999998483822,0,0.009447796563513572,[0.00139808],Transformation magnitude below threshold,0.8,15.0,800,73,"(-3.729859130596511, -1.7136880114456412, -1.7540660987644472)","(-3.7469223438574137, -2.0763874083731744, -1.7447230072835465)","(-3.7331322384312644, -1.723703729431717, -1.7580516833491981)",121.8
1,10000000000,,,0.004660369701308253,[0.00089932],Transformation magnitude below threshold,0.8,15.0,800,73,"(-3.7508902150374843, -1.8426801957780434, -1.7524611720980003)","(-3.7692444332515427, -2.203515515288817, -1.7449796243611615)","(-3.7539203250004904, -1.8437592825116935, -1.7533604901364928)",122.3
2,1.465333886821894,0.9999999998534667,0,0.0042369344827970735,[0.00023678],Transformation magnitude below threshold,0.8,15.0,800,74,"(-3.7766952227151864, -1.958848438175881, -1.750049226084991)","(-3.791339033285666, -2.3291844299023565, -1.745227771844838)","(-3.7745554315139165, -1.9690098757778287, -1.7594970452590404)",122.81
3,1.0709405323988463,0.009767690547423158,1,0.008091761454935485,[0.00019535],Transformation magnitude below threshold,0.8,15.0,800,74,"(-3.7987182491679454, -2.058488263892477, -1.7431190556648921)","(-3.815973542000099, -2.4691020934742385, -1.7455001815802489)","(-3.8003142111492836, -2.0915584822964672, -1.7438038324015175)",123.31
1,10000000000,,,,,Absolute error threshold reached,0.8,15.0,800,74,"(-3.8118316803899064, -2.18938054653118, -1.7491934599110321)","(-3.8383951385739357, -2.596212759453612, -1.7457614513162658)","(-3.821497795024593, -2.1884019583880003, -1.7456318356828535)",123.8
1,10000000000,,,,,Absolute error threshold reached,0.8,15.0,800,74,"(-3.8340482134202594, -2.3200174974398595, -1.7492292159512084)","(-3.860588266489823, -2.7218651926528996, -1.7460089429663732)","(-3.836013312256137, -2.3224736637382923, -1.7518572043265503)",124.3
2,1.348322110345534,0.9999999998651679,0,0.0416127362147917,[0.01007752],Absolute error threshold reached,0.8,15.0,800,74,"(-3.857885676889473, -2.434833885457952, -1.7494030257575488)","(-3.885331448632173, -2.861764584101591, -1.7462748326754767)","(-3.856816128927461, -2.4502664335831406, -1.7384726252264535)",124.8
4,2.829072836809222,0.008462284083317357,0,0.006944845408408097,[0.001868],Transformation magnitude below threshold,0.8,15.0,800,81,"(-3.874007619974607, -2.6333458302357413, -1.7558151989616966)","(-3.9078508076014953, -2.9888577968325087, -1.7465326470124356)","(-3.8817403702061415, -2.5677006750696725, -1.747481241744443)",125.31
8,1.9975309485957466,0.060140779627660436,0,0.009445656919372422,[4.06099896e-05],Transformation magnitude below threshold,0.8,15.0,800,85,"(-3.896966195206389, -3.0217795844775597, -1.7536063138367837)","(-3.9301408665946, -3.1144924428127805, -1.7467832072244518)","(-3.8995343975690315, -2.7695790214410563, -1.7562330224521823)",125.83
1,10000000000,,,0.0030676168190219718,[0.00085297],Transformation magnitude below threshold,0.8,15.0,800,87,"(-3.919284011944948, -3.153078446309455, -1.7577677602029869)","(-3.954993073736096, -3.2543725564488755, -1.7470543008217085)","(-3.9215224931045904, -3.152768746033205, -1.7586207339276667)",126.3
3,1.8337308668450967,0.10456283070363286,0,0.008582750137490672,[8.88386639e-05],Transformation magnitude below threshold,0.8,15.0,800,89,"(-3.947058952549123, -3.3235112527385455, -1.7540650707811747)","(-3.9776117017341175, -3.3814490486587507, -1.7473109821347559)","(-3.9436758579816282, -3.2833126798288945, -1.7541191435181953)",126.81
2,1.5856295513586112,0.999999999841437,0,0.00910869264745981,[0.00097268],Transformation magnitude below threshold,0.8,15.0,800,92,"(-3.970462339371099, -3.461431315077429, -1.7544759839123363)","(-3.999998998940547, -3.5070672016991122, -1.747555579916429)","(-3.970512668878887, -3.4505539199034474, -1.7526425006825)",127.31
2,1.5121473253167343,0.9999999998487852,0,0.009776374539423933,[0.00077993],Transformation magnitude below threshold,0.8,15.0,800,94,"(-3.9923852080616564, -3.6020846807097495, -1.751675313696186)","(-4.02495841497509, -3.646927966812519, -1.747822943146802)","(-3.9944483229644043, -3.5923932658658595, -1.7494059304673697)",127.81
1,10000000000,,,0.008849826170930624,[0.00100634],Transformation magnitude below threshold,0.8,15.0,800,95,"(-4.018066110138182, -3.731213858722831, -1.758049388801686)","(-4.047674846632385, -3.7739864564512495, -1.748083109527536)","(-4.017140000532621, -3.734680237428024, -1.7590557250811814)",128.3
2,1.5002721616198833,0.9999999998499727,0,0.0009487128995373769,[9.13338568e-06],Transformation magnitude below threshold,0.8,15.0,800,96,"(-4.032897750706918, -3.8607336332302014, -1.7593893590247975)","(-4.070159726035702, -3.899587221298182, -1.7483323897027463)","(-4.042670889411194, -3.8607598243990844, -1.7589337328832872)",128.81
2,1.7341072246398785,0.9999999998265892,0,0.005014986498228219,[0.0001187],Transformation magnitude below threshold,0.8,15.0,800,97,"(-4.059066364781163, -3.9655914386499425, -1.7434338130719838)","(-4.086430358987601, -3.992829237920433, -1.728717533644243)","(-4.050149999114095, -3.9548599923425836, -1.74475545935602)",129.31
